item,growth,price,buy_price
Men's 'Esquire' Coat (red/gold),14.730584122938525,314768.9882999999,20010.0
Weapon Disruption,11.62694344644044,18978.295999999984,1503.0
Scalpel Biosecurity Responders SKIN,4.384668917293231,107424.14489999997,19950.0
Thrasher Biosecurity Responders SKIN,3.2262829500000003,25357.6977,6000.0
Caracal Raata Sunset SKIN,2.7433163714285715,131016073.0,35000000.0
Inquisitor Khanid SKIN,2.2424729236293333,234787.46440000003,72410.0
Revenant Glacial Drift SKIN,1.2100663616621983,3297419.0116,1492000.0
Medium Targeting Systems Stabilizer I,1.2061017857911738,1434627.9913000003,650300.0
125mm Gatling AutoCannon I,1.0889992111650486,6885.3414,3296.0
Small Warhead Rigor Catalyst I,1.0545878998357947,375373.2092999997,182700.0
Small Cap Battery I Blueprint,0.89712,948560.0,500000.0
Venture Equinox Era SKIN,0.8174248263999992,7269699.305599997,4000000.0
Vengeance Biosecurity Responders SKIN,0.7702851668596691,16815.938799999996,9499.0
Low-grade Edge Alpha,0.7323790097254297,6751081.000899999,3897000.0
50MN Y-T8 Compact Microwarpdrive,0.7292608695652174,159092.0,92000.0
Dark Abyss Matte - Unlimited,0.727379618712418,26428908.166299995,15300000.0
Vigilant Glacial Drift SKIN,0.602735645586397,6409339.8467000015,3999000.0
Chemosh Glacial Drift SKIN,0.5833994089430894,2531855.6549,1599000.0
Glorified Unstable Heavy Energy Nosferatu Mutaplasmid,0.5272013111787048,450371666.66660005,294900000.0
Electronic Superiority Rigging,0.5154737445301102,7272.758499999999,4799.0
Heavy Faint Scoped Warp Disruptor,0.48411046193829443,144789816.6667,97560000.0
Vexor Navy Issue Glacial Drift SKIN,0.4389182143214287,4028971.0001000003,2800000.0
Gyrostabilizer I,0.4139126817255436,83251.1787,58880.0
Women's 'Tripoint' Facial Augmentation,0.3449215358931553,805608000.0,599000000.0
Unstable Heat Sink Mutaplasmid,0.32252446295082005,47597655.421600014,35990000.0
Small Energy Discharge Elutriation I,0.31351244126660055,257185.73600000038,195800.0
Nova Fury XL Cruise Missile,0.30951051625239,13697.48,10460.0
Kinetic Energized Membrane II,0.2942240510975174,1078994.5914000003,833700.0
Mastodon Glacial Drift SKIN,0.2887118421538456,2512988.092199999,1950000.0
Discovery Survey Probe I,0.2763183807439825,233311.0,182800.0
Hive Collapse - Unlimited,0.2617670916246873,151285874.2858,119900000.0
Women's 'Humanitarian' T-shirt YC 117,0.2588903337041157,56587120.5,44950000.0
Vagabond Chainbreaker Khumaak SKIN,0.25730146491904393,1630720000.0,1297000000.0
R.A.M.- Ammunition Tech Blueprint,0.2564519166047384,364371.05581537413,290000.0
Eutectic Compact Cap Recharger,0.22780634433358907,47994.95,39090.0
Nidhoggur Biosecurity Responders SKIN,0.21821316920081002,7819710.333099999,6419000.0
Small Compact Pb-Acid Cap Battery,0.21693163930739817,10823.39,8894.0
Shadow Serpentis 75mm Railgun,0.20144256025000024,961154.0482000002,800000.0
Small Energy Ambit Extension I,0.1910167563340631,38076.8057,31970.0
Marshal Firewatch SKIN,0.18387755102040818,1740300000.0,1470000000.0
Cargo Scanner I Blueprint,0.16984504378378373,216421.3331,185000.0
Republic Fleet 50MN Microwarpdrive,0.15105411640333355,172658117.46050003,150000000.0
Maller Biosecurity Responders SKIN,0.1436275341158509,17120.104185714288,14970.0
Medium Vorton Projector II,0.1294746342421044,214600180.50599983,190000000.0
Gungnir I,0.12665951845333254,16899892.776799988,15000000.0
Revelation Spirit SKIN,0.12627620164126613,48035680.0,42650000.0
Standup M-Set Energy Neutralizer Economy II,0.12429040635517863,490640333.33339995,436400000.0
Bhaalgorn Luminae Polaris SKIN,0.12281282971090947,532101000.0,473900000.0
Dual Heavy Beam Laser I,0.1193718232653061,1096984.3868,980000.0
Vedmak Red Meatgrinder SKIN,0.11936243518931197,2230889333.3322988,1993000000.0
R.Db - Ishukone,0.11799955937431003,1014.9199999999986,907.8
Compressed Condensed Scordite,0.11707567185289845,31.59089999999997,28.28
Shield Recharger II,0.11405348190167473,206211.2995,185100.0
Taranis Glacial Drift SKIN,0.11369811428571436,779588.68,700000.0
Drone Coronary Unit,0.11341849148418487,8237.07,7398.0
Breacher,0.1102505626346566,721440.8155999999,649800.0
Republic Fleet High Captain Insignia I,0.09513639119013942,1083966.0,989800.0
Endurance Gallente Industrial Livery SKIN,0.09433540703333325,3283006.2210999997,3000000.0
Condor Guristas SKIN,0.09310046298611133,31481293.334000006,28800000.0
Corelum A-Type Kinetic Energized Membrane,0.08827056725517236,31559846.4504,29000000.0
Heavy Assault Missiles,0.08716612277867503,134591.16599999997,123800.0
Atron Exoplanets Hunter SKIN,0.08372619507923272,1299387.7079,1199000.0
Zainou 'Snapshot' Light Missiles LM-904,0.082404333336,108240433.3336,100000000.0
Focused Medium Pulse Laser I Blueprint,0.08087696329625449,823628.2460317459,762000.0
Women's State Stargate Crew Shoes,0.078536,269634000.0,250000000.0
Zainou 'Snapshot' Auto-Targeting Explosion Radius FR-1005,0.07616292015443699,126126294.24210002,117200000.0
Cormorant Exoplanets Hunter SKIN,0.06909635416250001,8552770.8333,8000000.0
Men's 'Federal Defender' Pants,0.06639807666666667,95975.8269,90000.0
Medium Transverse Bulkhead II,0.06424355721725197,7970120.0,7489000.0
Republic Fleet Large Shield Extender,0.06022962112514351,27703800.0,26130000.0
Corelum A-Type 50MN Microwarpdrive,0.05894082216915783,1005993781.0606999,950000000.0
Test Cultures,0.05795955882352945,11510.6,10880.0
Dragoon Glacial Drift SKIN,0.05196986868686873,1041450.17,990000.0
Large Kinetic Armor Reinforcer I,0.04744605036009531,7853750.485599995,7498000.0
Republic Fleet Firetail AIR Laboratories SKIN,0.03896647619047619,109091480.0,105000000.0
Heavy Pulse Laser II,0.0367424,3239820.0,3125000.0
ElectroPunch Ultra M,0.035759340659340645,9425.41,9100.0
Corporate Hangar Array,0.03430860132119797,17614275.4805,17030000.0
Gamma S Blueprint,0.034024602380952444,43429.0333,42000.0
Caldari Navy Hookbill Glacial Drift SKIN,0.033055893399999946,2066111.7868,2000000.0
Dominix Blueprint,0.03280667677341909,1816706944.4444442,1759000000.0
Small Hybrid Discharge Elutriation II,0.03204978107969159,2007336.8242000001,1945000.0
Mercoxit Asteroid Mining Crystal Type A I,0.03151132699999978,1237813.5923999997,1200000.0
Capital Core Defense Operational Solidifier I,0.031177195739186578,31945869.524,30980000.0
Small Proton Smartbomb I Blueprint,0.030158457711442554,1380412.333333333,1340000.0
Gravid Large Cap Battery Mutaplasmid,0.028270007705829978,101788448.06280011,98990000.0
Merlin,0.028212230215827337,142921.5,139000.0
Orca Minmatar Industrial Livery SKIN,0.027965647195245687,70919350.0,68990000.0
Dread Guristas Inferno Heavy Missile,0.027651154891304347,151270.25,147200.0
Tengu Offensive - Accelerated Ejection Bay,0.027089187848557753,42726910.2145,41600000.0
Men's 'Outlaw' Jacket (Guristas),0.026903397498212973,1436637.8531,1399000.0
Damage Control II,0.025992241731318904,502531.0,489800.0
Tempest Fleet Issue,0.0232146672780971,516211799.6418,504500000.0
Breacher Pod Projection,0.022990429236259224,124702533.3239,121900000.0
Mid-grade Asklepian Beta,0.021994231289914075,64651355.071399964,63260000.0
Strong Veilguard Booster,0.02142992889295344,53053070.5067,51940000.0
Legion Core - Augmented Antimatter Reactor,0.02112539585673064,38915088.836100005,38110000.0
Veles Heavy Entropic Disintegrator,0.02087564581493671,98963685.10529996,96940000.0
Hoarder,0.020173829426840754,4378586.0759000005,4292000.0
EM Pulse Generator,0.019980059820538347,20460.8,20060.0
Phased Plasma XL Blueprint,0.01914984668346774,16306397.546935484,16000000.0
Domination Warp Scrambler,0.017522831863636772,134313013.80600005,132000000.0
Small Warhead Calefaction Catalyst II,0.016444191866912733,2749481.538999999,2705000.0
Cynosural Field Generator I,0.014950610797424326,4098370.5663999994,4038000.0
Ice Harvesting Drone I,0.014908998095238348,106565.44480000003,105000.0
'Integrated' Berserker,0.01468727494736827,963952.9111999999,950000.0
Mining Laser Upgrade II,0.014563121890547264,978850.5,964800.0
Isotropic Neofullerene Gamma-9,0.014065051941176574,1723910.5883000002,1700000.0
Rogue Drone Infestation Data,0.013062512937280127,97882.1,96620.0
Cerberus Octopus Red Flight SKIN,0.013001388888888889,729361000.0,720000000.0
Standup M-Set Ice Grading Processor II,0.011760114335971857,2300742500.0,2274000000.0
Gila Glacial Drift SKIN,0.011651133464788677,35913615.238,35500000.0
Capital Polycarbon Engine Housing II,0.01122,176963500.0,175000000.0
YO-5000 Rapid Heavy Missile Launcher,0.01059303539235216,35502.13333333333,35130.0
Glorified Decayed Capital Shield Booster Mutaplasmid,0.010106172272142342,282829728.23619986,280000000.0
Crystalline Carbonide Armor Plate Blueprint,0.009639524990476135,5300607.5062,5250000.0
Gistum B-Type 10MN Afterburner,0.009461794742016732,120125953.57429999,119000000.0
True Sansha Capital Shield Extender,0.008858375068948345,604306166.6663,599000000.0
Hypersynaptic Fibers,0.008678671655752963,8626.22,8552.0
Legion Scourge Auto-Targeting Cruise Missile,0.008547150949683469,3026.65,3001.0
Vexor Navy Issue,0.007748148682944024,56544748.62259999,56110000.0
Porpoise Sansha Industrial Livery SKIN,0.00708122218332267,15821246.0005,15710000.0
Small Railgun Specialization,0.0070174456940874435,940151.4873,933600.0
Compressed Azure Plagioclase,0.006645622895623556,47.835800000000035,47.52
Inherent Implants 'Lancer' Medium Energy Turret ME-805,0.006122306043172731,96014251.66569997,95430000.0
Caldari Navy Hookbill,0.005824838709677419,9354171.0,9300000.0
Conflagration XL,0.005588409944444558,3620118.2758000004,3600000.0
Praetor I,0.005192331632017998,80747.1,80330.0
Dysporite,0.0047939595597646,39257.3,39070.0
Standup M-Set Thukker Basic Capital Component Manufacturing Material Efficiency,0.004652083104320106,913932000.0,909700000.0
Exequror Spirit SKIN,0.004081833320000023,5020409.1666,5000000.0
Standup Templar I Blueprint,0.0038536967625532703,200670353.9828344,199900000.0
Mjolnir Javelin Torpedo,0.003843360995850665,1935.41,1928.0
Gyrostabilizer II,0.003763900769888794,1173400.0,1169000.0
Spike L,0.0036157205240177283,459.6560000000001,458.0
Small Projectile Locus Coordinator I,0.003515709547288738,223884.35480000012,223100.0
Raven Navy Issue Exoplanets Hunter SKIN,0.0031666666666666666,60190000.0,60000000.0
Gravid 5MN Microwarpdrive Mutaplasmid,0.0030637021295244014,8007457.534099993,7983000.0
50000MN Y-T8 Compact Microwarpdrive,0.002653482881749809,146688204.5456,146300000.0
Small Energy Nosferatu II,0.0024441404468764248,2198360.0,2193000.0
Tesseract Capacitor Unit Blueprint,0.0024277456230501894,5462228.7859000005,5449000.0
Eifyr and Co. 'Alchemist' Neurotoxin Recovery NR-1005,0.0023240266634967526,137017694.4449,136700000.0
Stabber Blueprint,0.002124224052892408,90942773.33279999,90750000.0
Small Hybrid Locus Coordinator II,0.002051323840521167,2463042.154000001,2458000.0
Legion Scourge Auto-Targeting Light Missile,0.0018151595744680972,1506.73,1504.0
Mjolnir Fury Cruise Missile,0.0014242771256801005,699.5950000000001,698.6
Unstable Stasis Webifier Mutaplasmid,0.0013416942274241542,149700583.2869999,149500000.0
Thermosetting Polymer,0.0007991360691143989,1390.11,1389.0
Standup M-Set Invention Cost Optimization I,0.0006392312513056194,479006000.0,478700000.0
Silicate Glass,0.00016335227272722106,14082.3,14080.0
Caracal Navy Issue Spirit SKIN,0.00014078841512469832,99454000.0,99440000.0
Signal Amplifier II,3.726322326881275e-05,966136.0,966100.0
Crystalline Carbonide Armor Plate,2.019691996968625e-05,7922.16,7922.0
Standup M-Set Advanced Large Ship Manufacturing Material Efficiency II,0.0,2619000000.0,2619000000.0
Inferno Heavy Assault Missile Blueprint,0.0,600000.0,600000.0
Standup L-Set Advanced Component Manufacturing Efficiency I,0.0,6989000000.0,6989000000.0
Tracking Speed Script Blueprint,0.0,1500000.0,1500000.0
Warp Scrambling Battery Blueprint,0.0,50000000.0,50000000.0
Capital Auxiliary Nano Pump I Blueprint,-1.5873015873015873e-06,62999900.0,63000000.0
Structure Mission Network Blueprint,-5.075180530548096e-06,199998984.9638939,200000000.0
Elemental Crux,-0.00011621571969821582,60.00302589466091,60.01
Fusion Thruster Blueprint,-0.00013189228796482873,5458280.0,5459000.0
Structure Market Network Blueprint,-0.00013784710404515267,199972430.57919097,200000000.0
Dread Guristas Silver Tag,-0.00019896538002387584,5025.0,5026.0
True Sansha Brass Tag,-0.0002,4999.0,5000.0
Large Proton Smartbomb I Blueprint,-0.00020568888589336226,2999382.93334232,3000000.0
Republic Fleet Midshipman Insignia I,-0.0002204464546684479,4500.007770507537,4501.0
Caldari Navy Vice Admiral Insignia I,-0.00022608695652173914,3449220.0,3450000.0
Capital Superconductor Rails Blueprint,-0.00028301964599850276,14995754.705310022,15000000.0
Small Projectile Collision Accelerator II,-0.00046857787356331307,3130532.4140999997,3132000.0
Large Energy Metastasis Adjuster I,-0.0005474171164225135,2592580.0,2594000.0
Fission Thruster,-0.0005507363324592074,49542.7,49570.0
Mid-grade Snake Epsilon,-0.0009134304521075839,260761594.65199992,261000000.0
Structure Reprocessing Plant Blueprint,-0.0011642443411059677,199767151.1317788,200000000.0
Monazite,-0.0013234957675588776,8730.43,8742.0
Neurovisual Output Analyzer,-0.0016810043583332251,11979827.947700001,12000000.0
Bastion Module I Blueprint,-0.0016835819677191973,49915820.90161404,50000000.0
Torpedo Launcher II,-0.0017619047619047618,6184085.0,6195000.0
Capital Kinetic Armor Reinforcer II,-0.0018465753424657535,364326000.0,365000000.0
Amarr Control Tower Blueprint,-0.0019148538846327067,499042573.05768365,500000000.0
Heavy Electron Blaster I Blueprint,-0.00215090011343748,598709.4599319375,600000.0
Steel Bauble Metallic - Limited,-0.0023028952297293958,7382958.5753000025,7400000.0
Large Remote Hull Repairer I,-0.002723910095121095,325012.27770000004,325900.0
Evasive Maneuvers Charge Blueprint,-0.002844632847457493,11766433.332400002,11800000.0
Pithi C-Type Small Remote Shield Booster,-0.0033550122051281043,9717288.631000001,9750000.0
Inferno XL Torpedo Blueprint,-0.0034099571764944327,89693103.8541155,90000000.0
Low-grade Hydra Beta,-0.0037584181730619566,127220049.99929999,127700000.0
Assault Frigates,-0.003950965557655492,5269099.392200002,5290000.0
Zainou 'Deadeye' Guided Missile Precision GP-805,-0.004407859616458723,135500090.30619997,136100000.0
Water,-0.004546853625170791,582.1410000000001,584.8
Medium Nanobot Accelerator I,-0.004679707169654675,2387773.3824999984,2399000.0
Electronic Hardening Charge Blueprint,-0.004896943162065931,9951030.56837934,10000000.0
Inferno Rocket Blueprint,-0.00495,39802.0,40000.0
Guardian Purity of the Throne SKIN,-0.004997348066298342,180095480.0,181000000.0
Dual 1000mm Railgun II,-0.005238958139746319,415710639.3934,417900000.0
Dragoon,-0.005298482119597609,1680050.8636999996,1689000.0
X-Large Shield Booster I Blueprint,-0.005320161700688686,5823571.942887744,5854720.0
Nova Torpedo Blueprint,-0.0060746449039576576,9939253.550960423,10000000.0
Decayed 10MN Afterburner Mutaplasmid,-0.006313820683903016,1191429.7290000003,1199000.0
'Augmented' Infiltrator,-0.006401866872289094,82468645.0496,83000000.0
Loki Core - Immobility Drivers,-0.006422389711414653,38560747.0553,38810000.0
Golem GalNet StreamCast Unit SKIN,-0.006748449070833251,119190186.11150001,120000000.0
Sensor Dampening Burst Projector Blueprint,-0.006800815850815865,64557946.96969697,65000000.0
Harbinger Kador SKIN,-0.007140402666666468,10822169.610933335,10900000.0
Nova XL Torpedo Blueprint,-0.007323918668420613,69487325.69321056,70000000.0
Kinetic Armor Hardener II,-0.0073501265691182675,2577911.7213,2597000.0
Gallente Defensive Systems,-0.007845453476852665,5207819.2147,5249000.0
Nova Auto-Targeting Light Missile I Blueprint,-0.008538165194328966,138804.65687279394,140000.0
Medium Polycarbon Engine Housing II,-0.008813960608225329,9712632.0,9799000.0
Inherent Implants 'Noble' Repair Proficiency RP-905,-0.009043504847444974,135761039.83590004,137000000.0
Imperial Navy Slicer,-0.00943690728927037,9471764.292499997,9562000.0
Joint Harvesting Strong Box,-0.009773936309597626,31984301.857199997,32300000.0
Retriever,-0.009834829450850572,68697659.53269999,69380000.0
Guidance Systems,-0.010660847880299251,87279.5,88220.0
Glorified Decayed 1MN Afterburner Mutaplasmid,-0.010680447361111099,3561550.3895,3600000.0
Orbital Skyhook,-0.011010911901796113,660644710.8496002,668000000.0
Standup M-Set Hybrid Reactor Time Efficiency I,-0.011668640610606658,751033000.0,759900000.0
Maelstrom Nefantar SKIN,-0.012312312312312312,98670000.0,99900000.0
U-C Trigger Neurolink Conduit,-0.0123255622734874,29541342.432399992,29910000.0
Machariel Deathglow Hunters SKIN,-0.012487486766398133,8581483.74,8690000.0
Sensor Booster II,-0.012562724014336918,1101980.0,1116000.0
Standup M-Set Electronic Warfare Projection I,-0.012845528455284553,315692000.0,319800000.0
Large Vorton Projector,-0.013050649923797513,62167939.561299995,62990000.0
Self-Assembling Nanolattice Blueprint,-0.013222116253574914,10351300.0005,10490000.0
Gistum C-Type 10MN Afterburner,-0.013411388922928185,102407897.82980005,103800000.0
Svipul,-0.013491032027309197,70801748.63140002,71770000.0
Cyclone Blueprint,-0.0144994994994995,689160500.0,699300000.0
Large Gas Compressor I Blueprint,-0.014549501454294523,591270299.1274233,600000000.0
Rogue Drone 42-X Nexus Chip,-0.015222094236824133,14387605.2032,14610000.0
Basilisk,-0.015387433386450306,206374793.96220002,209600000.0
Dark Blood EM Armor Hardener,-0.01543564357923562,2882804.435599998,2928000.0
Mid-grade Talisman Omega,-0.015447444068957445,412625976.19069993,419100000.0
Mjolnir Javelin Heavy Assault Missile,-0.015529818677288278,93.92829999999992,95.41
Gravimetric Sensor Cluster Blueprint,-0.01553314583730233,5167466.5175,5249000.0
Rapid Torpedo Launcher II,-0.01596918146423957,305443166.07350004,310400000.0
Warden II,-0.016387461459403906,1914110.0,1946000.0
Chelm's Modified Kinetic Coating,-0.0166925,786646000.0,800000000.0
Salvage Drone II,-0.016793333333333334,1474810.0,1500000.0
Antipharmakon Iokira,-0.016877186731301723,17745366.779500004,18050000.0
Mid-grade Harvest Epsilon,-0.01689664692771375,924805324.2350997,940700000.0
Standup ECM Jammer Burst Projector,-0.017347333333333333,147397900.0,150000000.0
Azbel,-0.017885479717931172,4880127051.2816,4969000000.0
100mm Rolled Tungsten Compact Plates,-0.01798519736842111,23882.6,24320.0
Eifyr and Co. 'Rogue' Fuel Conservation FC-806,-0.018039000506500084,581615500.0,592300000.0
100MN Analog Booster Afterburner,-0.01808885694067799,185384823.8096,188800000.0
Core Scanner Probe I Blueprint,-0.018319167472727087,5399244.578900001,5500000.0
Fermionic Condensates,-0.018515662650602387,61097.4,62250.0
Tungsten Carbide Reaction Formula,-0.018657684859456677,20598375.194800004,20990000.0
Caracal Nugoeihuvi SKIN,-0.01869920402178467,46847300.0,47740000.0
Meson Exotic Plasma M,-0.018955197132616484,1094.846,1116.0
Heavy Assault Missile Launcher II,-0.018987924094307072,1705980.0,1739000.0
Phantasm,-0.019002598963855262,244268352.85800004,249000000.0
Electromagnetic Metaprismatic Sheeting,-0.01900278724063173,31676.4,32290.0
Khizriel,-0.01990511578550696,507199102.58100015,517500000.0
Manticore Exoplanets Hunter SKIN,-0.019936967632027257,5752970.0,5870000.0
Gallente Core Systems,-0.02014542827205202,5143256.646999999,5249000.0
Capital Clone Vat Bay,-0.020365069592560323,33180235.092899982,33870000.0
Carbon-86 Epoxy Resin,-0.02056159420289855,54065.0,55200.0
Nonlinear Metamaterials Reaction Formula,-0.020955215202477104,20550150.032900006,20990000.0
Command Center Upgrades,-0.02117410842225537,513687.8279000004,524800.0
Nanotransistors Reaction Formula,-0.02121720976655599,20544650.76699999,20990000.0
Tempest Fleet Issue Spirit SKIN,-0.021749923076923076,1271725100.0,1300000000.0
Depleted Uranium M Blueprint,-0.021894325872341053,2298548.3341999985,2350000.0
Small Core Defense Field Purger II,-0.022729345790723426,9460957.203400007,9681000.0
Corpum A-Type Thermal Energized Membrane,-0.02352572735124172,91241756.03629997,93440000.0
Crusader,-0.02385936559672379,25028245.866100002,25640000.0
Infomorph Synchronizing,-0.0238687653941591,5113951.5381000005,5239000.0
Mining Drone Specialization,-0.024164113527168834,10236518.449099999,10490000.0
Veles Entropic Radiation Sink,-0.02427993325043799,1559200666.6658,1598000000.0
Federation Navy Sergeant Major Insignia I,-0.0253006005901148,29250.728976290655,30010.0
Damaged Artificial Neural Network,-0.025317647058822706,414.24000000000035,425.0
Scourge Precision XL Cruise Missile,-0.02562319939347986,12852.03,13190.0
Mid-grade Hydra Delta,-0.026050186905990053,339811089.7885001,348900000.0
Strong Exile Booster,-0.026061651412248987,21309771.067099992,21880000.0
Pulse Shield Emitter,-0.026946185433326192,45023.2,46270.0
Capital Core Defense Field Extender I,-0.027056545525305557,27874829.970699996,28650000.0
Light Fighters,-0.027064026642050383,111984930.5335,115100000.0
Khizriel Luminae Polaris SKIN,-0.027097467198716856,78873208.33420002,81070000.0
Xray XL Blueprint,-0.027236609770453207,33054500.0,33980000.0
Thermodynamics,-0.02747358859074612,4602967.505199999,4733000.0
Guided Missile Precision,-0.02821722423664129,1018428.3489999999,1048000.0
Large Ionic Field Projector I,-0.02858646629190093,4665699.2024,4803000.0
Defensive Subsystem Technology,-0.029867214529859812,15269890.043300007,15740000.0
Thermal Armor Hardener II,-0.030778159071580612,2735144.0350999995,2822000.0
Rokh Aurora Universalis SKIN,-0.03087545454727276,53301849.9999,55000000.0
Black Ops,-0.0318238495810669,65865023.51300002,68030000.0
Intact Hull Section,-0.0322518816313257,80323093.82459997,83000000.0
Gistii A-Type 5MN Microwarpdrive,-0.03228860260795763,62746407.00690003,64840000.0
Prophecy Hunter's Quiver SKIN,-0.032438184029185246,23869750.0,24670000.0
Eifyr and Co. 'Gunslinger' Large Projectile Turret LP-1005,-0.0336317393209063,132199178.06090002,136800000.0
Mobile Observatory,-0.034144223624853,65600924.331399985,67920000.0
Insightful Azure Metallic - Limited,-0.03429437118084216,1169469.5165000001,1211000.0
Imperial Navy Drone Damage Amplifier,-0.034629695350715126,114782529.22279997,118900000.0
Caldari Navy Nova Light Missile,-0.03503560528992825,853.7040000000005,884.7
Pressurized Oxidizers Reaction Formula,-0.03520606211052907,20251024.756299995,20990000.0
Shadow Serpentis Heavy Stasis Grappler,-0.035966773395529644,99199019.0176,102900000.0
Corpum B-Type Thermal Energized Membrane,-0.03647734810000037,26015111.60129999,27000000.0
Unrefined Prometium Reaction Formula,-0.03660799066730206,10105982.177900001,10490000.0
Vargur GalNet StreamCast Unit SKIN,-0.03677138836564457,42728821.21210001,44360000.0
Capital Ship Construction,-0.037281840175282736,75794800.72299999,78730000.0
Widow Fireblade Guerilla SKIN,-0.03831315577078289,2383060000.0,2478000000.0
Cybernetic Subprocessor - Improved,-0.038412538505319296,108467065.65659998,112800000.0
Meta-Operant Neurolink Enhancer,-0.03956290710606031,31694424.06550001,33000000.0
Gallente Battleship,-0.039778977063753926,7560780.334600002,7874000.0
Unstable Large Cap Battery Mutaplasmid,-0.04019150135917656,377588663.36529994,393400000.0
Scandium Metallofullerene,-0.040455435847208544,19593.9,20420.0
Savant Carmine Satin - Unlimited,-0.04070829450139795,102932000.0,107300000.0
Large Cap Battery I,-0.040876273250791496,333103.6703000001,347300.0
Osprey Exoplanets Hunter SKIN,-0.041351659739391415,2869234.4824000015,2993000.0
Meta-Molecular Combiner,-0.04219260017166421,290694545.8478999,303500000.0
Mid-grade Hydra Omega,-0.043110686890918355,571071542.0634999,596800000.0
Complex Asteroid Mining Crystal Type A I,-0.043915012006112086,437982.53300000005,458100.0
Stormbringer,-0.04416376601722323,371820295.01930016,389000000.0
Gila,-0.045244258872651356,228664000.0,239500000.0
Medium Algid Energy Administrations Unit I,-0.04538589764960827,572673.0,599900.0
Bifrost,-0.04613076132292772,62945831.0603,65990000.0
BlastShot Condenser Pack S,-0.04683123015873025,11438.025238095237,12000.0
Poteque 'Prospector' Astrometric Pinpointing AP-606,-0.04684930181153835,24781918.152900003,26000000.0
Nanite Operation,-0.046964288380952394,1000687.4972,1050000.0
Standup M-Set TE Research Accelerator I,-0.04706689138856109,371548619.04760003,389900000.0
Sovereignty Hub,-0.04793925180282006,601131156.4116994,631400000.0
Exigent Heavy Drone Durability Mutaplasmid,-0.04843305261336156,2749076.9109999985,2889000.0
Large Particle Dispersion Projector I,-0.0485988885614039,1355746.5837999994,1425000.0
Pure Synth Exile Booster,-0.0486587674999997,76107.29860000002,80000.0
Circle Carmine Matte - Limited,-0.048675800235545054,378436766.6663002,397800000.0
Phoenix Navy Issue Heartsurge SKIN,-0.04898607196153208,5735565000.0,6031000000.0
Dramiel Glacial Drift SKIN,-0.05048589783827077,2371886.2271999996,2498000.0
Republic Fleet Target Painter,-0.050556145890364924,27885165.995199982,29370000.0
Polarized Rocket Launcher,-0.051433839658848735,2224387.6459999997,2345000.0
Survey Probe Launcher I Blueprint,-0.052777777777777715,142083.33333333334,150000.0
Zainou 'Gypsy' Propulsion Jamming PJ-801,-0.052798044285714246,198912.4107,210000.0
Ferox Malagrin Marshlight SKIN,-0.0535775281007194,13155272.3594,13900000.0
Medium Blaster Battery,-0.05432743684736914,4727417.143200002,4999000.0
High-Tech Data Chip,-0.05555461592670895,670084.0,709500.0
Agitated Exotic Filament,-0.05556963613550808,37635.55,39850.0
Scourge Heavy Missile Blueprint,-0.0561441830666669,707891.8626999998,750000.0
Corpus C-Type Explosive Armor Hardener,-0.05629333543731482,95597485.12020001,101300000.0
Crucifier Navy Issue Purity of the Throne SKIN,-0.05677989728539985,25712180.0,27260000.0
Remember Myrskaa Flyers,-0.05829270000000004,376682.92,400000.0
Eagle State Police SKIN,-0.05957824740389871,516197500.0,548900000.0
Thanatos Valimor Legacy SKIN,-0.06044131944444445,27059290.0,28800000.0
Harbinger Blueprint,-0.06071900114810563,654491000.0,696800000.0
Eifyr and Co. 'Rogue' Fuel Conservation FC-805,-0.06088992355802641,135137940.0,143900000.0
Cerberus Union Day Executive SKIN,-0.061011083025471514,482922000.0,514300000.0
Blood Multifrequency M,-0.06193791911421907,804857.2654,858000.0
Cataclysmic Electrical Filament,-0.06232550957381099,60723800.0,64760000.0
Blood Raider Power Redistributor,-0.06260184812441424,29987366.87849999,31990000.0
Ogre SD-900 Blueprint,-0.06302453100324693,7214711.111274999,7700000.0
25000mm Steel Plates I,-0.06306987856617025,56000313.358100004,59770000.0
Mid-grade Nirvana Omega,-0.06431421237270521,468965716.75880015,501200000.0
Talwar Aurora Universalis SKIN,-0.06453472083752126,2792363.858299999,2985000.0
Typhoon Cryptic Mimesis SKIN,-0.06550555555633307,280348333.3331001,300000000.0
Nestor Crystal Blast SKIN,-0.06595810783724193,465993500.0,498900000.0
Unstable Large Ancillary Armor Repairer Mutaplasmid,-0.06609359064469916,39112000.4238,41880000.0
Phase Inversion Battery,-0.06613509923930246,5892687.5238000015,6310000.0
Kri'tak Knife,-0.0671654051731331,745334.8412666667,799000.0
Advanced Drone Avionics,-0.06832287999999984,586956.5856000001,630000.0
Tengu Nightfire SKIN,-0.06849846491263163,353970583.3332,380000000.0
Merlin Zakura Shumyu SKIN,-0.06915154532075456,2466748.4049000004,2650000.0
'Investor' Tracking Disruptor I,-0.06963007781835026,100386914.6034,107900000.0
High-grade Rapture Alpha,-0.07082748429885496,251527000.00029996,270700000.0
Khizriel Empyrean Outlaws SKIN,-0.07111125363417149,181040416.66669998,194900000.0
Daredevil Serpentis Victory SKIN,-0.07210033076074973,3366420000.0,3628000000.0
Fusion S,-0.07291706387035127,19.45020000000003,20.98
Imicus,-0.07295575616083004,643276.0008,693900.0
350mm Railgun II,-0.07297047495287477,3934313.3042999995,4244000.0
Shadow Serpentis Large Armor Repairer,-0.07367196207137869,13237227.661999999,14290000.0
Cap Booster 400 Blueprint,-0.07426130159999972,3818672.130900001,4125000.0
Metallofullerene Plating,-0.07433237940379406,102471.4056,110700.0
Proteus Propulsion - Interdiction Nullifier,-0.07436984925968938,39885403.195399985,43090000.0
Dread Guristas Warp Scrambler,-0.07438624930526336,35173322.52639999,38000000.0
Legion Deathglow Remnant SKIN,-0.07530122221999996,83222890.0002,90000000.0
Imperial Navy 200mm Steel Plates,-0.07547400643317982,10031107.030199999,10850000.0
Targeting Range Dampening Script Blueprint,-0.07633166666666667,1385502.5,1500000.0
Isogen,-0.07658495350802934,327.72000000000037,354.9
Information Command Specialist,-0.07693513568597844,489132.0716,529900.0
Eifyr and Co. 'Rogue' Acceleration Control AC-603,-0.07761845780907663,17682054.1638,19170000.0
Scorch Bomb,-0.07855230956340992,1329649.0172999995,1443000.0
Obelisk Glacial Drift SKIN,-0.07938775203864716,9528336.766400002,10350000.0
Inherent Implants 'Squire' Power Grid Management EG-601,-0.07961222967934377,740544.0,804600.0
Mercoxit Asteroid Mining Crystal Type C II,-0.08001564087575011,4139009.6317000003,4499000.0
Capital Thermal Armor Reinforcer II,-0.0815624330691797,857637000.0,933800000.0
Gistum A-Type 50MN Microwarpdrive,-0.08224645132575135,391330113.1546996,426400000.0
Republic Fleet Proton M,-0.08389608520437593,636.5089999999996,694.8
Proximity-15 'Extraction' Filament,-0.08457776024340771,2256515.821,2465000.0
Pith C-Type Large Shield Booster,-0.08585612957031001,256783013.20369992,280900000.0
Low-grade Nomad Beta,-0.08744955377443306,87303701.19039999,95670000.0
Simple Asteroid Mining Crystal Type A I,-0.08788519637462242,87553.9,95990.0
Reprocessing Efficiency,-0.08829811364355758,288006.62590000016,315900.0
Mid-grade Amulet Alpha,-0.08929522278460438,50398402.37109999,55340000.0
Social Adaptation Chip - Basic,-0.09107048690455265,5170900.0,5689000.0
Carbonized Lead XL Blueprint,-0.09109238793746802,7271260.896500256,8000000.0
Burst Dawn of Liberation SKIN,-0.092088,6809340.0,7500000.0
Amperum Mutanite,-0.09321201633192719,4987.3339101744,5500.0
Tuvan's Modified Multispectrum Energized Membrane,-0.09350340136054422,812855500.0,896700000.0
True Sansha Warp Disruption Field Generator,-0.09376498749713169,94792182.30780002,104600000.0
Zainou 'Gypsy' Long Range Targeting LT-805,-0.09704429359906609,135353060.3895,149900000.0
Large Freight Container,-0.09731662087614944,166906.15679999997,184900.0
Eifyr and Co. 'Gunslinger' Large Projectile Turret LP-1004,-0.09742827733695654,91340258.3335,101200000.0
Kinetic Energized Membrane I,-0.09898320149999985,180203.35970000003,200000.0
Large Signal Focusing Kit II,-0.09900133196581198,11595852.8576,12870000.0
Imperial Navy Infiltrator,-0.09963824289405684,1742200.0,1935000.0
Mining Equipment Preservation Charge,-0.10025773195876289,436.375,485.0
Precise Electronics,-0.10038080556936843,180.91342,201.1
Capsuleer Day XVI Gnosis & SKIN Crate,-0.10305491307460315,56507540.4763,63000000.0
Ferox Exoplanets Hunter SKIN,-0.10337341862607649,4476856.5208,4993000.0
Naglfar Capsuleer Elite XX SKIN,-0.10344698290896408,514083500.0,573400000.0
Syndicate 200mm Steel Plates,-0.10537620287428848,58141600.57519999,64990000.0
Standup Energy Neutralization Burst Projector,-0.1054958652379783,292055599.9998001,326500000.0
Drone Cerebral Fragment,-0.10555944055944055,460458.0,514800.0
Nova Heavy Missile,-0.10613353566009157,58.90579999999997,65.9
Batch Compressed Gneiss,-0.10749649152542382,526577.07,590000.0
Medium Hybrid Ambit Extension II,-0.1079843411685994,3999798.2142000003,4484000.0
Scorched Microgravimeter,-0.10915843395536039,24346.7,27330.0
Leshak,-0.10973891437654648,661998143.2696,743600000.0
Variegated Ore Processing,-0.11167504912414372,1166370.6604999993,1313000.0
Mystic L,-0.1125111871545143,3371.57,3799.0
Caldari Navy Nova Torpedo,-0.11598245614035094,2519.45,2850.0
Confessor Exoplanets Hunter SKIN,-0.11681133348324713,7855080.0,8894000.0
Mid-grade Halo Delta,-0.11786716251247618,91918241.66619998,104200000.0
Structure Market Network,-0.12281058501452019,138946803.3337,158400000.0
Small Kinetic Shield Reinforcer I Blueprint,-0.124339,437830.5,500000.0
Alliance Tournament IX: HYDRA RELOADED and 0utbreak,-0.12504620462046204,8748663.0,9999000.0
Low-grade Jackal Delta,-0.12507640368869924,24620350.000200003,28140000.0
'Basic' Thermal Shield Amplifier,-0.1253299709304523,74075804.7619,84690000.0
Glorified Gravid Stasis Webifier Mutaplasmid,-0.1257145075219045,91799976.71020003,105000000.0
Women's Obsidian Opulence Pants,-0.1263310225303293,252053500.0,288500000.0
J5b Enduring Warp Scrambler,-0.12728380503144648,22201.9,25440.0
Salvation Angels Strong Box,-0.13029119453413168,145241370.5128,167000000.0
High-grade Grail Alpha,-0.13130401312857187,24323487.632399987,28000000.0
Kestrel Aurora Universalis SKIN,-0.13781129011553275,3358225.025,3895000.0
Shield Flux Coil I,-0.13818115270350562,7252.2056,8415.0
Taranis Spirit SKIN,-0.13857890538820533,4060739.04,4714000.0
Mammoth Capsuleer Day XXI SKIN,-0.13902511732186726,7709169.0995000005,8954000.0
Initiated Enduring Multispectral ECM,-0.1393242385786802,13564.25,15760.0
Imperial Navy EM Armor Hardener,-0.14078786924695014,2042347.2347999995,2377000.0
Guristas Scourge Heavy Assault Missile,-0.1409732685297688,706.9790000000003,823.0
Small Murky Compact Remote Shield Booster,-0.1414002879769618,47703.8,55560.0
Caldari Listening Outpost,-0.14244232250793645,16207840.104600001,18900000.0
Heron Navy Issue Awakening YC125 SKIN,-0.14299461279494954,84843533.3333,99000000.0
Guristas Inferno XL Torpedo,-0.14417738095238097,28755.64,33600.0
Large Clarity Ward Enduring Shield Booster,-0.1441832487309645,84297.95,98500.0
Rifter Exoplanets Hunter SKIN,-0.146331455309779,852900.2429999998,999100.0
'Palisade' Cap Recharger I,-0.14696128217475418,52913991.6667,62030000.0
Ares Hunter's Quiver SKIN,-0.15052520252565266,47188324.999699995,55550000.0
Medium Capacitor Booster I,-0.15193704713145637,56319.86069999998,66410.0
Compressed Hadal Talassonite,-0.15251250694830465,15246.3,17990.0
Uranium Charge M,-0.15301473543201655,126.45489999999994,149.3
Scars of Sarikusa - Limited,-0.1533072194979759,20913311.678399995,24700000.0
Vexor Deathglow Hunters SKIN,-0.15375227272727274,93087250.0,110000000.0
Corpii B-Type Small Armor Repairer,-0.15407927394147067,45671259.9999,53990000.0
Fulleroferrocene Power Conduits,-0.15572841285665168,2455986.0470000003,2909000.0
Ferox Navy Issue Steel Cardinal SKIN,-0.15597378761434602,5812808.524699999,6887000.0
Rupture Bloody Hands SKIN,-0.15617835820895523,113072100.0,134000000.0
Core C-Type EM Armor Hardener,-0.1577675736045058,13458874.173799997,15980000.0
Atron Blueprint,-0.1585343916065706,4200596.3171,4992000.0
Tranquil Gamma Filament,-0.16042524739235087,6278.34,7478.0
Dragoon Deathglow Remnant SKIN,-0.16103635916666623,503378.18450000026,600000.0
'Wild' Miner I,-0.1626131775835173,56900434.5832,67950000.0
"Ishtar ""Blaze"" Squadron SKIN",-0.16357688454795893,667967500.0,798600000.0
Medium Energy Ambit Extension II,-0.16431908101010093,827324.1098000001,990000.0
High-grade Grail Beta,-0.1648290460222839,29982637.247800007,35900000.0
Apocalypse Navy Issue Sarum SKIN,-0.16544207312051673,11633737.500699997,13940000.0
Void Bomb,-0.16716173934760434,2451043.0011000005,2943000.0
Huginn Exoplanets Hunter SKIN,-0.16927655589123866,6874236.5,8275000.0
Executioner Blueprint,-0.17171437422258576,4048660.138800001,4888000.0
Dark Blood EM Energized Membrane,-0.17739259161147883,111792.34680000003,135900.0
Tairei's Modified Heavy Energy Nosferatu,-0.1798475405189769,676379733.3339998,824700000.0
Zainou 'Gypsy' Long Range Targeting LT-801,-0.1800145446004642,811703.6023000005,989900.0
Sin Spirit SKIN,-0.1804532553923206,9818170.0004,11980000.0
Probe Blueprint,-0.18057382873164224,4910001.61824,5992000.0
Republic Fleet 425mm Autocannon,-0.18076638867494185,105599212.4998,128900000.0
Large Artillery Battery,-0.18211604010025062,32633570.0,39900000.0
Jump Drive Control Nexus,-0.1821775898520085,23209.8,28380.0
Compressed Plunder Mordunium,-0.1874008117706748,160.1633,197.1
Zainou 'Gnome' Shield Emission Systems SE-801,-0.1897891996560947,424064.33290000004,523400.0
Drake Warp Convergence SKIN,-0.1903029718126128,35691445.00250003,44080000.0
Zainou 'Deadeye' Medium Hybrid Turret MH-806,-0.19168464081214134,464700499.99709994,574900000.0
Nuclear L Blueprint,-0.19274735637502516,3995093.3333000005,4949000.0
Purifier Scope Syndication YC122 SKIN,-0.19379420289855073,278141000.0,345000000.0
Zainou 'Beancounter' Science SC-801,-0.19998171578947369,380008.685,475000.0
Simple Hex Grade - Unlimited,-0.20371219934903032,51742781.28630001,64980000.0
Venture Radioactives Reclamation SKIN,-0.20702293176635272,3964092.3641000027,4999000.0
Domination Overdrive Injector,-0.21013312346780452,10181384.0385,12890000.0
Deprecated Ore Prospecting Array 4,-0.2104749619277076,293782266.6667,372100000.0
Compressed Replete Zircon,-0.2123507777777777,7088.843000000001,9000.0
Scimitar Emergency Response Squad SKIN,-0.21436315387323956,5578021.607499999,7100000.0
Merging Paths - Unlimited,-0.21633708007339772,43775410.707100004,55860000.0
Glorified Unstable Small Armor Repairer Mutaplasmid,-0.2164848695652174,450521200.0,575000000.0
Restrained Compounds,-0.21805178652193577,69155.5,88440.0
Caldari Navy Kinetic Shield Amplifier,-0.22187719900000002,389061.4005,500000.0
Women's BioCrystal Protective Glasses,-0.22366638409360698,4578039.333,5897000.0
Zealot Blood Raiders SKIN,-0.22368602687116582,632695.8880999999,815000.0
Asaya Midnight Satin - Unlimited,-0.2245240002519379,24008736.952200003,30960000.0
Missile Bombardment,-0.22593321466666655,116110.01780000002,150000.0
Gist B-Type Kinetic Shield Hardener,-0.22692051258278162,5720015.127399999,7399000.0
Standup Large Festival Launcher,-0.22942219551282042,3846.7244000000005,4992.0
Caldari Starship Engineering,-0.23031516271072114,1141442.6137000006,1483000.0
Vedmak Deathglow Remnant SKIN,-0.23677497846461604,30521368.611200005,39990000.0
Medium 'Canyon' Shield Extender,-0.23712724168467364,19064190.230300006,24990000.0
True Sanshas Standard M,-0.23868361208419014,6293802.5789,8267000.0
Triglavian Encrypted Conduit Data,-0.24082692307692308,98692.5,130000.0
Molecular Engineering,-0.24117745510090385,10904279.970200012,14370000.0
Imperial Navy Tachyon Beam Laser,-0.2411909349609756,31111171.6666,41000000.0
Capsuleer Day XVI Apotheosis & SKIN Crate,-0.24124088437999558,3322606.1672999994,4379000.0
Standard Blue Pill Booster Reaction Formula,-0.24473628912857134,5286845.976100001,7000000.0
Electroplated Wish Metallic - Unlimited,-0.24476317622451832,325280500.00009996,430700000.0
Domination Carbonized Lead L,-0.24640863579474226,602.1195000000009,799.0
Standup Magnetometric ECM Script,-0.24991788493723843,215123.55060000002,286800.0
Chelm's Modified Heavy Energy Neutralizer,-0.25016988141165886,5248060999.9998,6999000000.0
Small Proton Smartbomb II,-0.25138632316985476,520511.0895,695300.0
Hornet I,-0.2579942583732057,7753.96,10450.0
Republic Fleet 150mm Autocannon,-0.25841999946428645,2076424.001499998,2800000.0
Kapteyn Compact Sensor Dampener,-0.26069438099588854,16183.4,21890.0
220mm Medium Prototype Automatic Cannon,-0.2650536570000006,220483.9028999998,300000.0
Armageddon Navy Issue Cold Iron SKIN,-0.26894295827499975,5848456.333800002,8000000.0
Corelum B-Type EM Energized Membrane,-0.2712513331664579,2329080.7392000007,3196000.0
Drake Biosecurity Responders SKIN,-0.271380322118826,101788.16900000001,139700.0
Shield Thermal Resistance Script,-0.2736346623743727,46254.94469999995,63680.0
Small Railgun Battery,-0.27403717939627936,2068268.0759,2849000.0
Guristas Scourge XL Cruise Missile,-0.27528692879914984,13639.1,18820.0
Pithum B-Type Kinetic Shield Amplifier,-0.2797896744065281,970843.5189000001,1348000.0
Inferno XL Cruise Missile,-0.28084158415841587,7118.23,9898.0
Ammatar Navy Heavy Energy Nosferatu,-0.28809463445508443,15612084.666399999,21930000.0
Nanoheuristic Clone Mapper,-0.28851017000000023,1131268.8296999997,1590000.0
Dread Guristas Mjolnir Rocket,-0.2887976997935712,24116.87,33910.0
Small Inductive Compact Remote Capacitor Transmitter,-0.290882,7091.18,10000.0
Capital Remote Repair Augmentor II,-0.29101498881436244,1056387666.6666,1490000000.0
Kaikka's Modified Large Graviton Smartbomb,-0.29508418740849196,962915000.0,1366000000.0
Women's 'Poise' Pants (black),-0.29718696969727276,77309433.3333,110000000.0
Arbitrator Cold Iron SKIN,-0.29917879066500164,2244730.3334999997,3203000.0
Quake XL,-0.3006488366274704,2795.306600000001,3997.0
Onyx Exoplanets Hunter SKIN,-0.30339183770963696,5565899.216700001,7990000.0
Kinetic Shield Compensation,-0.3076448284722218,199398.28940000013,288000.0
Electronic Link,-0.30954444444444335,6.21410000000001,9.0
Compressed Ytterbite,-0.31021658082975684,9643.172199999999,13980.0
'Limos' Rapid Heavy Missile Launcher I,-0.31117954324586977,37802.46666666667,54880.0
Dread Guristas Ion Field Projection Battery,-0.3147313148083333,24669672.6669,36000000.0
Broken Recursive Computing Module,-0.31745077564,1706373.0609,2500000.0
Minmatar Freedom Fighter Insignia I,-0.3198270514742628,13610.2607,20010.0
Batch Compressed Monoclinic Bistot,-0.320868121888412,474713.1828,699000.0
Vitric Hedbergite,-0.32122291928092517,1187.859891258381,1750.0
Focused Anode Pulse Particle Stream I,-0.3227653352941181,575649.4649999996,850000.0
Obelisk Mabebu Exchange SKIN,-0.3230810575747088,389160700.00029993,574900000.0
Sleeper Reintegration Control,-0.32493620031249987,1512142.9113000003,2240000.0
Zainou 'Gypsy' Signature Analysis SA-702,-0.3290855938916664,8050972.873300003,12000000.0
Astero SOE Gold Cell,-0.3332600317935807,10594498.094800003,15890000.0
Magic Crystal Ball,-0.33868319838562755,13067619.9999,19760000.0
Prophecy Navy Issue Ironblood SKIN,-0.34030436781609197,25827084.0,39150000.0
Rodiva Blackfire Steel SKIN,-0.340419967555876,182967501.0,277400000.0
Signal Amplifier I,-0.34127186567164164,23832.783900000006,36180.0
Capital Projectile Ambit Extension II,-0.34344117772023786,110301882.14300004,168000000.0
Vizan's Modified Capacitor Power Relay,-0.34968556040010257,2535576000.0,3899000000.0
Dark Blood Large Armor Repairer,-0.35200647928502043,80027199.80829997,123500000.0
Vexor Valimor Legacy SKIN,-0.35521742582197274,16080877.4,24940000.0
Megathron Navy Issue Exoplanets Hunter SKIN,-0.35579586030017657,10945028.3335,16990000.0
Coreli A-Type EM Coating,-0.3559187278514593,121409.31979999992,188500.0
Prowler Hazard Control SKIN,-0.358475575,25660977.0,40000000.0
Glorified Decayed Medium Shield Booster Mutaplasmid,-0.35889113164767955,2307350.8172000013,3599000.0
Caldari CU-1 Nexus Chip,-0.3602699301857584,826531.2502000001,1292000.0
Propulsion Jamming,-0.3610546011502874,25551.426500000005,39990.0
EFFA Compact Assault Damage Control,-0.3611353820598006,23075.79,36120.0
True Sanshas Infrared S,-0.36190126534653494,322239.86099999986,505000.0
Oneiros Spirit SKIN,-0.3628025727037391,6645969.166700001,10430000.0
Huginn Glacial Drift SKIN,-0.3717015924006909,3637847.78,5790000.0
Corpus C-Type Heavy Energy Nosferatu,-0.3805024113666092,17996404.949800003,29050000.0
Men's 'Protector' Beret (Caldari State),-0.3822127450980392,63014300.0,102000000.0
Nighthawk Empyrean Outlaws SKIN,-0.383534629648291,615047499.9999001,997700000.0
Charon Exoplanets Hunter SKIN,-0.3882050420168067,72803600.0,119000000.0
Small Liquid Cooled Electronics I,-0.38911602895553254,118144.96,193400.0
Decayed Warp Scrambler Mutaplasmid,-0.3937886441705395,60002.8,98980.0
Apostle Purity of the Throne SKIN,-0.394384051939404,363793500.0,600700000.0
Domination Nuclear S,-0.3979834337349399,79.94779999999999,132.8
Zainou 'Snapshot' Auto-Targeting Explosion Radius FR-1004,-0.4017748432873152,29899293.332499985,49980000.0
Atron Luminaire Zenith SKIN,-0.4026684352517986,6642327.0,11120000.0
Vindicator Sarpati's Revenge - Virge SKIN,-0.4068262612763114,1775369000.0,2993000000.0
Garmur Aurora Universalis SKIN,-0.40771516620226483,22489055.139300004,37970000.0
Stork Aurora Universalis SKIN,-0.4114405099150142,2908661.0,4942000.0
Pulsar Flare Firework,-0.41229225492998,20563.894,34990.0
"Men's ""Mirelle"" Upwell Executive Spectacles",-0.4131446776611694,391432500.0,667000000.0
Yoiul Festival YC120 Coin (Minmatar),-0.41648415877938977,1166448.1665999999,1999000.0
Zainou 'Snapshot' Heavy Missiles HM-701,-0.42321422821691157,627542.9197000002,1088000.0
Low-grade Jackal Omega,-0.42582624374025974,3315853.4424,5775000.0
Crossroad - Limited,-0.42890453582089566,191316.98049999995,335000.0
Shadow Warp Scrambling Battery,-0.43198993198426444,42595075.00050001,74990000.0
Sanshas Radio M,-0.43438285263157905,10746.725799999998,19000.0
Domination Small Proton Smartbomb,-0.43558384849999987,5644161.5150000015,10000000.0
Zainou 'Deadeye' Missile Bombardment MB-701,-0.4435159092358381,523595.88099999994,940900.0
Dark Blood Focused Medium Beam Laser,-0.444296196189394,7335290.210299999,13200000.0
Dual Anode Pulse Particle Stream I,-0.4446021741815933,4495.945400000002,8095.0
Shadow Uranium Charge XL,-0.4472434486897379,5526.46,9998.0
Medium Remote Shield Booster I,-0.44871338361384566,34720.0311,62980.0
Blood Radio S,-0.451076821324782,5477.7044000000005,9979.0
Blood Small Pulse Laser Battery,-0.4515581869362233,13157119.095400004,23990000.0
Tempest Scope Syndication YC122 SKIN,-0.45827177135408564,97456908.3334,179900000.0
Glorified Unstable Medium Armor Repairer Mutaplasmid,-0.4606287998593042,1023187166.6668999,1897000000.0
Hound Exoplanets Hunter SKIN,-0.46346105368456153,1609080.3,2999000.0
300 Billion ISK Contract Copy,-0.46579035714285716,3739467.5,7000000.0
Glorified Unstable Medium Shield Extender Mutaplasmid,-0.47056352319692446,337409866.66660005,637300000.0
Blackbird Zento Isideko Combine SKIN,-0.4776770588235294,88794900.0,170000000.0
Rhea Glacial Drift SKIN,-0.47900476323393226,28128532.832999997,53990000.0
Maller Shattered Paradigm SKIN,-0.47958089500860585,90709050.0,174300000.0
Atron Glacial Drift SKIN,-0.4866159921999999,770076.0117000001,1500000.0
'High Noon' Thermal Shield Amplifier,-0.49189012545954736,4063354.6667,7997000.0
Corelum B-Type Kinetic Energized Membrane,-0.4989909635543979,5001072.2018,9982000.0
Magnate Glacial Drift SKIN,-0.5053244660490737,987867.0412999999,1997000.0
Large I-ax Enduring Remote Armor Repairer,-0.5075913985714287,34468.6021,70000.0
Structure Advertisement Nexus,-0.5085764800621554,98038992.22760001,199500000.0
Capital Gravimetric Sensor Cluster,-0.5121137397634213,536187.0,1099000.0
Shadow Iridium Charge L,-0.5138396475770926,110.3584,227.0
Osprey Combat Medic Section SKIN,-0.5144490749410182,32517345.451200005,66970000.0
True Sansha Mega Beam Laser,-0.5181181817863106,2886472.0910999994,5990000.0
Algos Biosecurity Responders SKIN,-0.5267234268123745,307487.7896000003,649700.0
Alliance Tournament VII: Pandemic Legion,-0.5267729201520152,4731797.571400001,9999000.0
Arbalest Compact Rapid Torpedo Launcher,-0.527381735161096,86252833.33309999,182500000.0
Torpedo Specialization,-0.5303751104111113,4226624.006299999,9000000.0
250mm Light Carbine Howitzer I,-0.5378865809562073,11502.002999999999,24890.0
Kestrel Biosecurity Responders SKIN,-0.5409760280140071,9175.889199999998,19990.0
Modal Ion Particle Accelerator I,-0.5415447956666667,412609.68389999995,900000.0
Modal Enduring Dual Giga Pulse Laser,-0.5425260258094824,105173266.6664,229900000.0
Men's Triglavian Survival Suit (Bioadaptive),-0.5461042559706063,148242350.0,326600000.0
Women's Kimotoro Eskeitan Commander's Jacket,-0.5569284785435631,3407220000.0,7690000000.0
Women's Yoiul Stormchasers T-Shirt,-0.5573409680000001,44265.90319999999,100000.0
Men's & Women's Frostline Exploration Suit,-0.5619892098958333,2102451.7925,4800000.0
Vigil Glacial Drift SKIN,-0.563056394581861,741930.2420000001,1698000.0
Stasis Webifier I Blueprint,-0.5643680125,348505.59,800000.0
Agitated Dark Filament,-0.5655739389024061,16069.42,36990.0
Dark Blood Gamma L,-0.5695420167457628,25397021.012,59000000.0
Imperial Navy Ultraviolet S,-0.5718671769938968,413876.0,966700.0
Praetor TD-900,-0.5792175772886444,84114.40629999999,199900.0
Selynne's Modified EM Armor Hardener,-0.5879524735958866,74127350.0001,179900000.0
Women's Zakura Zakitsu Exploration Suit,-0.5880630020128014,54705233.332699984,132800000.0
Vessel Core Hologram,-0.595366165,40463.3835,100000.0
Helios Versus Redforce SKIN,-0.5970816253333336,362626.5371999997,900000.0
Women's 'Semiotique Superluminal' Pants,-0.5990916885389327,45823820.0,114300000.0
Vehement Glacial Drift SKIN,-0.600814128,718534.5696,1800000.0
Deimos Biosecurity Responders SKIN,-0.6030802039891207,43780.2535,110300.0
True Sansha Explosive Coating,-0.6037897373905796,9505.084199999994,23990.0
Batch Compressed Solid Pyroxeres,-0.6081171974522293,6152.56,15700.0
Thermal Coating I,-0.6086135907407407,10567.43305,27000.0
Erebus Biosecurity Responders SKIN,-0.6095021733,1171493.4801,3000000.0
Prophecy Navy Issue Order of Tetrimon SKIN,-0.6109837222200001,7780325.5556,20000000.0
Angel Medium AutoCannon Battery,-0.6140462,19297690.0,50000000.0
Capital Energy Collision Accelerator I,-0.6159860984000001,19200695.08,50000000.0
R.Db - Kaalakiota,-0.6170651289009497,282.2230000000001,737.0
Bane Lavacore Imperial SKIN,-0.6196122448979592,246034800.0,646800000.0
Angel Small AutoCannon Battery,-0.6199327841000001,12162150.908799998,32000000.0
Lilac Star Dust Matte - Limited,-0.6242889197994987,44972.6163,119700.0
Sefrim Gold Metallic - Limited,-0.6297253707902636,1110453.6129999994,2999000.0
Cyclone Exoplanets Hunter SKIN,-0.6364463820590406,4926151.5231,13550000.0
Guardian Iridium Charge M,-0.6394314381270904,247.963,687.7
Deathless Circle Insurgents Loyalty Token,-0.6413045828437133,61049.96,170200.0
Decayed Medium Armor Plate Mutaplasmid,-0.6439212722313149,195807.6923999999,549900.0
Mining,-0.6456558563636364,19488.92789999999,55000.0
Rapier Exoplanets Hunter SKIN,-0.6579837138947369,2111950.5667,6175000.0
Medium Projectile Metastasis Adjuster I Blueprint,-0.6663744,834064.0,2500000.0
Delve Yoiul Calendar,-0.6681355166666667,1991186.9,6000000.0
Medium Asymmetric Enduring Remote Shield Booster,-0.6695444403123838,17771.9,53780.0
Shadow Thorium Charge L,-0.6760323886639668,80.02000000000021,247.0
Bantam Combat Medic Section SKIN,-0.6781583154889365,4509002.0,14010000.0
Large EM Shield Reinforcer I Blueprint,-0.6827999934786957,1585682.8326000005,4999000.0
Magnate Navy Issue Order of Tetrimon SKIN,-0.683187975645933,1324274.2618,4180000.0
Imperial Navy Kinetic Energized Membrane,-0.6832868896487556,1361549.6613999999,4299000.0
Scorpion Guristas SKIN,-0.6839495561190475,78317299.99370001,247800000.0
Basilisk Biosecurity Responders SKIN,-0.6863455032792544,181731.4154,579400.0
Buzzard Biosecurity Responders SKIN,-0.6881765699999999,31182.343000000008,100000.0
Caracal Steel Cardinal SKIN,-0.6916371599148937,724652.6741999999,2350000.0
Wolf Biosecurity Responders SKIN,-0.697130129032258,45067.03680000001,148800.0
Women's Permaband Tour Cap,-0.7030445445445446,296.65849999999995,999.0
Union of Eight Paths Firework,-0.7124278199883108,4920.36,17110.0
280mm Howitzer Artillery I Blueprint,-0.7150556074766355,3963576.5,13910000.0
Sani Ichor Matte - Limited,-0.7153207550555557,512422.64089999977,1800000.0
Gatling Pulse Laser I Blueprint,-0.7221155045418115,208024.33329999997,748600.0
Cynabal Heartsurge SKIN,-0.7278781002638522,515671000.0,1895000000.0
Amarrian Wheat,-0.7372674036809818,42825.41319999998,163000.0
Deep Void Gloss - Limited,-0.7374347280574592,1992345.2834999987,7588000.0
Impetus Trading Cards,-0.7402187166666667,4676063.1,18000000.0
Eifyrium,-0.7406111111111111,4669.0,18000.0
Exit Marked - Limited,-0.7434140000000002,55114.67279999996,214800.0
Small Ancillary Current Router I Blueprint,-0.752353428,185734.92899999997,750000.0
A Tank of Honor,-0.7558047231599713,6808164.318299999,27880000.0
Impel Biosecurity Responders SKIN,-0.7577446021591364,6058.8075,25010.0
Heretic Exoplanets Hunter SKIN,-0.763957125,1416257.25,6000000.0
Khanid Officer Insignia,-0.7673693858845096,25380.0,109100.0
Damavik Singularity Storm SKIN,-0.7771268407160165,108539228.57129999,487000000.0
True Sansha Quad Beam Laser,-0.7853599276046007,1287625.7943000002,5999000.0
Kirin Biosecurity Responders SKIN,-0.7885101480000002,10574.492599999992,50000.0
Women's 'Function' T-shirt (dark camo),-0.7908643650793651,13175545.0,63000000.0
Imperial Navy Midshipman Insignia III,-0.7946867181751289,2790.207499999998,13590.0
Chelm Soran's Tag,-0.7951370685342671,4095210.0,19990000.0
Scythe Glacial Drift SKIN,-0.7963870480384309,50862.51539999999,249800.0
Decayed Medium EMP Smartbomb Mutaplasmid,-0.8017084332823152,14251.214900000003,71870.0
Reaper,-0.8043961333333333,1907.1377000000005,9750.0
Angel Palladium Tag,-0.8226015356637705,1755.89,9898.0
Alliance Tournament VIII: Pandemic Legion,-0.834415008250825,1655684.3325000003,9999000.0
Synthetic Mocha Satin - Limited,-0.8389468114932521,36993.91739999998,229700.0
Raysere's Modified Kinetic Armor Hardener,-0.8420411265572387,101141066.66539997,640300000.0
Dual Modal Pulse Laser I,-0.8438278785982479,998.2521999999993,6392.0
Talocan Mechanical Gears,-0.8447711922384474,7759.88810000001,49990.0
Imperial Navy Thermal Coating,-0.8521378183516738,110793.13270909089,749300.0
Women's Capsuleer Day XIX Hoodie,-0.8587532400000001,49436.36599999999,350000.0
'Basic' Explosive Coating,-0.86819227259,2636154.5482,20000000.0
Helios Biosecurity Responders SKIN,-0.8691166081081081,14528.0565,111000.0
Dark Blood Dual Light Pulse Laser,-0.8731268016488557,507112.1738095238,3997000.0
Probe Biosecurity Responders SKIN,-0.8736078222349241,4422.462300000005,34990.0
VXN-01N Nullsec Ice Storm Filament,-0.8742210944026731,501.857833333334,3990.0
Eris Glacial Drift SKIN,-0.8752972784819638,497813.2643000002,3992000.0
Alliance Tournament VI: Pandemic Legion,-0.8788871887188718,1211007.0,9999000.0
Guristas Iron Charge M,-0.8855634831460676,10.184849999999985,89.0
Small Focused Afocal Pulse Maser I,-0.8890439151321057,1385.8415000000002,12490.0
Rapid Deployment Charge,-0.893889968976215,513.0420000000004,4835.0
Query: Spaghetti or Chicken Sandwich?,-0.906113194,93886806.0,1000000000.0
Caldari Navy Squad Leader Insignia,-0.910996592004442,80147.5689,900500.0
Vherokior Medicinal Herbs,-0.92349863747083,688435.7614,8999000.0
R.Db - Thukker Mix,-0.9242636326363264,184.72099999999983,2439.0
Small Energy Burst Aerator I Blueprint,-0.9335748452014652,166062.88699633704,2500000.0
Jenmei's Tag,-0.9341222575,13175.5485,200000.0
Exequror Biosecurity Responders SKIN,-0.9353343172413793,937.6524000000001,14500.0
Thrasher Nefantar SKIN,-0.9369250083751759,62759616.6667,995000000.0
Eifyr and Co. 'Rogue' Afterburner AB-612,-0.9411995356408152,56560166.66710001,961900000.0
Yoiul Festival Snowball,-0.9564874999999999,5.221500000000005,120.0
Scoped Electronics,-0.9607172497492478,3916.4902000000006,99700.0
Phantom Rose Matte - Limited,-0.9670599089726918,3293.020899999999,99970.0
Maulus Navy Issue Biosecurity Responders SKIN,-0.9720346546950419,1045.624260952381,37390.0
Triglavian Trinary Datastream HFN6,-0.9777655032266227,200110.4709603949,9000000.0
Batch Compressed Pristine Jaspet,-0.9857282791666667,3425.2129999999997,240000.0
Expired Precarious Warp Matrix Filament,-0.9858977829027027,14102.217097297296,1000000.0
Triglavian Trinary Datastream AEA3,-0.9992487487487487,150.10000000000025,199800.0
Feawen's Approval Documentation,-0.999964280155642,13.769999999999987,385500.0
Triglavian Trinary Datastream AEA6,-0.9999822316658329,35.51889999999996,1999000.0
